utterance,list_of_slots
Book a reservation for  seven  people at a  bakery  in  Osage City,"['seven || party_size_number', 'bakery || restaurant_type', 'Osage City || city']"
Book spot for  three  at  Maid-Rite Sandwich Shop  in  Antigua and Barbuda,"['three || party_size_number', 'Maid-Rite Sandwich Shop || restaurant_name', 'Antigua and Barbuda || country']"
I need a table for  breakfast  in  MI  at the  pizzeria,"['breakfast || timeRange', 'MI || state', 'pizzeria || restaurant_type']"
Book a restaurant reservation for  me and my child  for  2 Pm  in  Faysville,"['me and my child || party_size_description', '2 Pm || timeRange', 'Faysville || city']"
I want to book a  highly rated   churrascaria   ten months from now .,"['highly rated || sort', 'churrascaria || restaurant_type', 'ten months from now || timeRange']"
i need a table for  7  in  Kashegelok   VT,"['7 || party_size_number', 'Kashegelok || city', 'VT || state']"
book spot for  eight  at a  bar  that serves  pastelaria,"['eight || party_size_number', 'bar || restaurant_type', 'pastelaria || cuisine']"
I need a table for  clare and yvonne ramirez  at  Baker's Keyboard Lounge,"['clare and yvonne ramirez || party_size_description', ""Baker's Keyboard Lounge || restaurant_name""]"
"I want to book  Cheese Board Collective  in  Poland  for  april the first, 2030 .","['Cheese Board Collective || restaurant_name', 'Poland || country', 'april the first, 2030 || timeRange']"
Book a reservation for a  pub  serving  burritos,"['pub || restaurant_type', 'burritos || served_dish']"
Book a reservation for  eight  people in  North Dakota,"['eight || party_size_number', 'North Dakota || state']"
Book me a reservation for  eight  for the  top-rated   bakery   eleven hours from now  in  Mango,"['eight || party_size_number', 'top-rated || sort', 'bakery || restaurant_type', 'eleven hours from now || timeRange', 'Mango || city']"
Book a reservation for a  restaurant  in  Palau   in six years  ,"['restaurant || restaurant_type', 'Palau || state', 'in six years || timeRange']"
Need a table for a party of  six  at the  RingSide Steakhouse  in the state of  Nevada,"['six || party_size_number', 'RingSide Steakhouse || restaurant_name', 'Nevada || state']"
Book spot for  7  at  NH   Theressa,"['7 || party_size_number', 'NH || state', 'Theressa || city']"
book a  restaurant  in  Georgia,"['restaurant || restaurant_type', 'Georgia || country']"
I need a table in  Elba  for  ten  that has a  bar,"['Elba || city', 'ten || party_size_number', 'bar || restaurant_type']"
need a table at a  close-by   restaurant  right  now  in  Marco,"['close-by || spatial_relation', 'restaurant || restaurant_type', 'now || timeRange', 'Marco || city']"
"I want to book a  restaurant  in a  distant   ID   spa  for  lidia, latasha and diann .","['restaurant || restaurant_type', 'distant || spatial_relation', 'ID || state', 'spa || facility', 'lidia, latasha and diann || party_size_description']"
book a table in  FL  for  ten  people,"['FL || state', 'ten || party_size_number']"
I want to book a  restaurant  in  Ayer  for  2  people.,"['restaurant || restaurant_type', 'Ayer || city', '2 || party_size_number']"
book spot at a  highly rated   restaurant  in  Tajikistan,"['highly rated || sort', 'restaurant || restaurant_type', 'Tajikistan || country']"
Book a spot for  now  in  NY  for  10,"['now || timeRange', 'NY || state', '10 || party_size_number']"
"Book a reservation for  The Training Table  on  Mar. thirteenth, 2026","['The Training Table || restaurant_name', 'Mar. thirteenth, 2026 || timeRange']"
"book a table for  me, heidi and cara  in  Saudi Arabia","['me, heidi and cara || party_size_description', 'Saudi Arabia || country']"
Book a reservation for  eight  at a  cafeteria   saturday,"['eight || party_size_number', 'cafeteria || restaurant_type', 'saturday || timeRange']"
Book reservation in  Gasconade  at the  best   restaurant  in  DC,"['Gasconade || city', 'best || sort', 'restaurant || restaurant_type', 'DC || state']"
Book spot at  Fried chicken restaurant  in  Mauritania,"['Fried chicken restaurant || restaurant_name', 'Mauritania || country']"
I need a table at  spa   joint,"['spa || facility', 'joint || restaurant_type']"
book a  restaurant  in  NE  for  ascension day  in  Cle Elum  that serves  seafood  for  me and my nieces,"['restaurant || restaurant_type', 'NE || state', 'ascension day || timeRange', 'Cle Elum || city', 'seafood || served_dish', 'me and my nieces || party_size_description']"
book spot for  4  in  Somalia,"['4 || party_size_number', 'Somalia || country']"
"book spot for  John Pearson Soda Works  in  Cambodia  on  Mar. 21st, 2023","['John Pearson Soda Works || restaurant_name', 'Cambodia || country', 'Mar. 21st, 2023 || timeRange']"
I want to make a reservation for  one  at a  sushi   restaurant  in  Brucetown,"['one || party_size_number', 'sushi || served_dish', 'restaurant || restaurant_type', 'Brucetown || city']"
I want to book  The Hat  for  my grandfather and I  in  Arkansas .,"['The Hat || restaurant_name', 'my grandfather and I || party_size_description', 'Arkansas || state']"
party of  six   this week  in  Oman,"['six || party_size_number', 'this week || timeRange', 'Oman || country']"
I need a table in  Anderson   Arkansas,"['Anderson || city', 'Arkansas || state']"
Book spot for  eight  at  bar  that serves  potée,"['eight || party_size_number', 'bar || restaurant_type', 'potée || served_dish']"
need to book a table in  Ludden,['Ludden || city']
"book a table at  The Crab Cooker  for  now  for  angelina, melva cooper and gwen","['The Crab Cooker || restaurant_name', 'now || timeRange', 'angelina, melva cooper and gwen || party_size_description']"
book a table for  10  in  CHAR No.4  in  Colombia,"['10 || party_size_number', 'CHAR No.4 || restaurant_name', 'Colombia || country']"
book spot for  melisa castillo and vicky allen  in  Sadorus   MT,"['melisa castillo and vicky allen || party_size_description', 'Sadorus || city', 'MT || state']"
Book a reservation for  8  people at an  irish   bar,"['8 || party_size_number', 'irish || cuisine', 'bar || restaurant_type']"
Book me a reservation for a party of  3  at a  restaurant  in  KY,"['3 || party_size_number', 'restaurant || restaurant_type', 'KY || state']"
book spot in  North Catasauqua   SD   in sixteen minutes,"['North Catasauqua || city', 'SD || state', 'in sixteen minutes || timeRange']"
I want to book a  highly rated   fast food restaurant  for  eight  people.,"['highly rated || sort', 'fast food restaurant || restaurant_type', 'eight || party_size_number']"
I need to find a table for  4  at a  brasserie  that has  fondue,"['4 || party_size_number', 'brasserie || restaurant_type', 'fondue || served_dish']"
"Book a reservation for  eight  people at a  top-rated   restaurant  in  Busby ,  GU  on  may second, 2024","['eight || party_size_number', 'top-rated || sort', 'restaurant || restaurant_type', 'Busby || city', 'GU || state', 'may second, 2024 || timeRange']"
I want to book  Moishes Steakhouse  in  Lucky .,"['Moishes Steakhouse || restaurant_name', 'Lucky || city']"
book  restaurant  at  ten  that has  internet,"['restaurant || restaurant_type', 'ten || party_size_number', 'internet || facility']"
Book a reservation for  seven  people at a  highly rated   restaurant   this month  in  Hawaii,"['seven || party_size_number', 'highly rated || sort', 'restaurant || restaurant_type', 'this month || timeRange', 'Hawaii || state']"
"I want to book a  restaurant  for  me, carissa and lynn ramirez  in  Colorado .","['restaurant || restaurant_type', 'me, carissa and lynn ramirez || party_size_description', 'Colorado || state']"
Book me a  lunch  at  Boreas  for a party of  8,"['lunch || timeRange', 'Boreas || restaurant_name', '8 || party_size_number']"
Lets eat in  Little Eagle  on  May nineteenth  for  7  people,"['Little Eagle || city', 'May nineteenth || timeRange', '7 || party_size_number']"
"I want to book a  restaurant  in  New Mexico  for  kenya, lilia and ingrid .","['restaurant || restaurant_type', 'New Mexico || state', 'kenya, lilia and ingrid || party_size_description']"
I want to book  Baker's Keyboard Lounge  for  clare and yvonne ramirez .,"[""Baker's Keyboard Lounge || restaurant_name"", 'clare and yvonne ramirez || party_size_description']"
I want to book a  bar  in  Bonaparte   Palau .,"['bar || restaurant_type', 'Bonaparte || city', 'Palau || state']"
need a table  eighteen seconds from now  at a  restaurant  serving  muffuletta,"['eighteen seconds from now || timeRange', 'restaurant || restaurant_type', 'muffuletta || served_dish']"
I want to book a  highly rated   oyster bar  for  this week   close  by in  FL .,"['highly rated || sort', 'oyster bar || restaurant_type', 'this week || timeRange', 'close || spatial_relation', 'FL || state']"
book spot for  seven  that is  distant  from  your gf's current location  at a  bar  that serves  middle eastern  for  Midnight,"['seven || party_size_number', 'distant || spatial_relation', ""your gf's current location || poi"", 'bar || restaurant_type', 'middle eastern || cuisine', 'Midnight || timeRange']"
"Book a reservation for  leticia, melva and twila edwards  at  Glassy Junction  for  five p.m   within the same area  of  our secondary residence","['leticia, melva and twila edwards || party_size_description', 'Glassy Junction || restaurant_name', 'five p.m || timeRange', 'within the same area || spatial_relation', 'our secondary residence || poi']"
Book me a reservation for a party of  5  for the  best   coffeehouse   nearby   Borough londonien de Wandsworth  on  Lee Jackson Day,"['5 || party_size_number', 'best || sort', 'coffeehouse || restaurant_type', 'nearby || spatial_relation', 'Borough londonien de Wandsworth || poi', 'Lee Jackson Day || timeRange']"
Book me a reservation for a  puglia   restaurant  at  three,"['puglia || cuisine', 'restaurant || restaurant_type', 'three || party_size_number']"
"i want a table  in one week  at  Glen Arm  for  esmeralda, andrea and I","['in one week || timeRange', 'Glen Arm || city', 'esmeralda, andrea and I || party_size_description']"
"i want a table at an  outdoor   restaurant  for  me, helene and alana","['outdoor || facility', 'restaurant || restaurant_type', 'me, helene and alana || party_size_description']"
Book a reservation for a  delicatessen  restaurant that serves  farçous  in  OK,"['delicatessen || restaurant_type', 'farçous || served_dish', 'OK || state']"
"I want to book a restaurantin  Perrytown   Missouri  for  candice, jeannie and nichole .","['Perrytown || city', 'Missouri || state', 'candice, jeannie and nichole || party_size_description']"
Book me a reservation for  2  at  Fraser Mansion  in  Serbia,"['2 || party_size_number', 'Fraser Mansion || restaurant_name', 'Serbia || country']"
need a table somewhere in  McLaurin   Connecticut,"['McLaurin || city', 'Connecticut || state']"
I want to book an  osteria  in  Morningside   AL .,"['osteria || restaurant_type', 'Morningside || city', 'AL || state']"
Book me a reservation for a party of  three   next year,"['three || party_size_number', 'next year || timeRange']"
Book a reservation for a  restaurant   now,"['restaurant || restaurant_type', 'now || timeRange']"
book spot at  top-rated   restaurant,"['top-rated || sort', 'restaurant || restaurant_type']"
Book a reservation for  my great grandfather and I  at a  macaroni   pub  in  CT,"['my great grandfather and I || party_size_description', 'macaroni || served_dish', 'pub || restaurant_type', 'CT || state']"
Book a reservation for  The Windmill  in  Northern Mariana Islands,"['The Windmill || restaurant_name', 'Northern Mariana Islands || country']"
I want to book a  latin   restaurant  for  five  people.,"['latin || cuisine', 'restaurant || restaurant_type', 'five || party_size_number']"
I want to book a  pub   now .,"['pub || restaurant_type', 'now || timeRange']"
I want to book a  restaurant  in  Reily   VT .,"['restaurant || restaurant_type', 'Reily || city', 'VT || state']"
book spot for  7  at a  steakhouse  in  Bulgaria,"['7 || party_size_number', 'steakhouse || restaurant_type', 'Bulgaria || country']"
I want to book a  restaurant  in  NM  for  two  people.,"['restaurant || restaurant_type', 'NM || state', 'two || party_size_number']"
table for  1  please,['1 || party_size_number']
Book a reservation for a party of  6  at  The Waterside Inn,"['6 || party_size_number', 'The Waterside Inn || restaurant_name']"
book a party of  nine  for an  indoor   cafe,"['nine || party_size_number', 'indoor || facility', 'cafe || restaurant_type']"
Book a reservation at a  restaurant   nearby   their airbnb,"['restaurant || restaurant_type', 'nearby || spatial_relation', 'their airbnb || poi']"
Book a reservation for  one  at  Bouchon  in  Oregon  on  6/13/2039,"['one || party_size_number', 'Bouchon || restaurant_name', 'Oregon || state', '6/13/2039 || timeRange']"
Book a  restaurant  reservation for  nine  in  VA  on  August 21,"['restaurant || restaurant_type', 'nine || party_size_number', 'VA || state', 'August 21 || timeRange']"
table for  7  at  Blueberry Hill,"['7 || party_size_number', 'Blueberry Hill || restaurant_name']"
I want to book a  restaurant  for  five  people.,"['restaurant || restaurant_type', 'five || party_size_number']"
I want to book a  bistro  that serves  pasta salad  in  Brazil .,"['bistro || restaurant_type', 'pasta salad || served_dish', 'Brazil || country']"
book a party of  six  at  Atascadero,"['six || party_size_number', 'Atascadero || city']"
book a  restaurant  for  seven  in  Sudan,"['restaurant || restaurant_type', 'seven || party_size_number', 'Sudan || country']"
I want to book a  restaurant  in  Federated States Of Micronesia   1 hour from now .,"['restaurant || restaurant_type', 'Federated States Of Micronesia || state', '1 hour from now || timeRange']"
Book me a  restaurant  reservation for a party of  8   ten hours from now,"['restaurant || restaurant_type', '8 || party_size_number', 'ten hours from now || timeRange']"
"I want to book  Ribera Steakhouse  in  Sint Maarten  for  tamra, desiree and lesley .","['Ribera Steakhouse || restaurant_name', 'Sint Maarten || country', 'tamra, desiree and lesley || party_size_description']"
"book a table for  me and bettye  at  Washington, D.C. Jewish Community Center  in  Montana","['me and bettye || party_size_description', 'Washington, D.C. Jewish Community Center || restaurant_name', 'Montana || state']"
Book a reservation for  3  at  Union Square Cafe,"['3 || party_size_number', 'Union Square Cafe || restaurant_name']"
I want to book a  restaurant   close  by  my girlfriend's work location  on  11/22/2038 .,"['restaurant || restaurant_type', 'close || spatial_relation', ""my girlfriend's work location || poi"", '11/22/2038 || timeRange']"
need a table for  2  in  Kuwait,"['2 || party_size_number', 'Kuwait || country']"
I want to book a  restaurant   in 1 day  for  me and my boyfriend .,"['restaurant || restaurant_type', 'in 1 day || timeRange', 'me and my boyfriend || party_size_description']"
Want to book a table at a  restaurant  in  Samoa,"['restaurant || restaurant_type', 'Samoa || country']"
I want to book a  restaurant  in  Cooperdale  for  five  people.,"['restaurant || restaurant_type', 'Cooperdale || city', 'five || party_size_number']"
Book spot in  twelve hours nineteen minutes and seven seconds from now  at a  cafe  that serves  molise,"['twelve hours nineteen minutes and seven seconds from now || timeRange', 'cafe || restaurant_type', 'molise || cuisine']"
Book me a reservation for  Ad Hoc  in  Brazil  for a party of  7,"['Ad Hoc || restaurant_name', 'Brazil || country', '7 || party_size_number']"
Book me a reservation for a  rajasthani   restaurant  in  Micronesia,"['rajasthani || cuisine', 'restaurant || restaurant_type', 'Micronesia || country']"
I want to book a  restaurant  in  Glenarden   South Dakota  for  two  people.,"['restaurant || restaurant_type', 'Glenarden || city', 'South Dakota || state', 'two || party_size_number']"
Book a reservation for a  highly rated   cafeteria  on  october the 11th,"['highly rated || sort', 'cafeteria || restaurant_type', 'october the 11th || timeRange']"
book a table in  Grove Place  for  two,"['Grove Place || city', 'two || party_size_number']"
book a table for  now  for  4  for an  oyster bar,"['now || timeRange', '4 || party_size_number', 'oyster bar || restaurant_type']"
Book me a reservation for  six  in  Mar . at a  coffeehouse   neighboring   Scott Depot,"['six || party_size_number', 'Mar || timeRange', 'coffeehouse || restaurant_type', 'neighboring || spatial_relation', 'Scott Depot || city']"
book a table at  Big City Burrito  in  Tower City,"['Big City Burrito || restaurant_name', 'Tower City || city']"
Book a table at  Georgetown Cupcake  in  GA  for  two  people,"['Georgetown Cupcake || restaurant_name', 'GA || state', 'two || party_size_number']"
I want to book a  restaurant   not far  from  our college .,"['restaurant || restaurant_type', 'not far || spatial_relation', 'our college || poi']"
I want to book a  restaurant   far  from  Rollins  for  four  people  in eighteen seconds  .,"['restaurant || restaurant_type', 'far || spatial_relation', 'Rollins || city', 'four || party_size_number', 'in eighteen seconds || timeRange']"
Book me a reservation for  six  for  Crown Burgers  in  Lebanon,"['six || party_size_number', 'Crown Burgers || restaurant_name', 'Lebanon || country']"
book spot at  Candle Cafe,['Candle Cafe || restaurant_name']
book a table for  lillian and edna  at  The Berghoff,"['lillian and edna || party_size_description', 'The Berghoff || restaurant_name']"
book spot at  highly rated   pub  on  tisha b'av,"['highly rated || sort', 'pub || restaurant_type', ""tisha b'av || timeRange""]"
Need a reservation  close-by   East Hanover .,"['close-by || spatial_relation', 'East Hanover || city']"
Get a  chimichanga   meal  at a  bakery,"['chimichanga || served_dish', 'meal || timeRange', 'bakery || restaurant_type']"
I want to book a  restaurant   within the same area  of  Horse Pasture .,"['restaurant || restaurant_type', 'within the same area || spatial_relation', 'Horse Pasture || city']"
"Book me a reservation for a  top-rated   pub  in  Ladue ,  Colorado","['top-rated || sort', 'pub || restaurant_type', 'Ladue || city', 'Colorado || state']"
Book a reservation for a  pub  serving  croquembouche,"['pub || restaurant_type', 'croquembouche || served_dish']"
I would like to book reservations for the  Venetian Theatre  in  Hepler  for a party of  6 .,"['Venetian Theatre || restaurant_name', 'Hepler || city', '6 || party_size_number']"
"Book me a table at a  restaurant  in  Ellisport ,  MH .","['restaurant || restaurant_type', 'Ellisport || city', 'MH || state']"
I want to book a  indonesian   brasserie   far  from  Savoonga  on  february eleventh .,"['indonesian || cuisine', 'brasserie || restaurant_type', 'far || spatial_relation', 'Savoonga || city', 'february eleventh || timeRange']"
Book a reservation for  10  people for  highly rated   fast food   nearby   Bristol Bay Borough,"['10 || party_size_number', 'highly rated || sort', 'fast food || restaurant_type', 'nearby || spatial_relation', 'Bristol Bay Borough || poi']"
I want to book a  restaurant  in  Gray Horse .,"['restaurant || restaurant_type', 'Gray Horse || city']"
I want to book a  highly rated   restaurant  in  Lake Junaluska .,"['highly rated || sort', 'restaurant || restaurant_type', 'Lake Junaluska || city']"
book a restautant in  North Dakota  at a  bistro  that is  indoor,"['North Dakota || state', 'bistro || restaurant_type', 'indoor || facility']"
I want to book a  russian   bar  for  seven  people in  MN   21 hours from now .,"['russian || cuisine', 'bar || restaurant_type', 'seven || party_size_number', 'MN || state', '21 hours from now || timeRange']"
I want to book  Jacob Wirth Restaurant  in  West Virginia  for  me and my baby .,"['Jacob Wirth Restaurant || restaurant_name', 'West Virginia || state', 'me and my baby || party_size_description']"
book a  turkish   restaurant  in  DE,"['turkish || cuisine', 'restaurant || restaurant_type', 'DE || state']"
I want to book a  restaurant   distant  from  lynette's position  for  julia and rosanna .,"['restaurant || restaurant_type', 'distant || spatial_relation', ""lynette's position || poi"", 'julia and rosanna || party_size_description']"
"book spot for  dolores, leona clark and I  at  The Green Shack  in  Indonesia","['dolores, leona clark and I || party_size_description', 'The Green Shack || restaurant_name', 'Indonesia || country']"
Need a table for  the day after tomorrow  in  Clarenceville  at the  Black Rapids Roadhouse,"['the day after tomorrow || timeRange', 'Clarenceville || city', 'Black Rapids Roadhouse || restaurant_name']"
I want to book a  restaurant  for  eight  in  Harding .,"['restaurant || restaurant_type', 'eight || party_size_number', 'Harding || city']"
"book a table at a  pub  on  jun. 17, 2023","['pub || restaurant_type', 'jun. 17, 2023 || timeRange']"
"Please make a booking at  Sonoy  in  Montague ,  LA .","['Sonoy || restaurant_name', 'Montague || city', 'LA || state']"
book a party of  four  at a  highly rated   pub,"['four || party_size_number', 'highly rated || sort', 'pub || restaurant_type']"
I want to book a  highly rated   restaurant  in  VA  for  one  person at  zero am .,"['highly rated || sort', 'restaurant || restaurant_type', 'VA || state', 'one || party_size_number', 'zero am || timeRange']"
"book a table  1 year from now  for  corinne, tisha and I  at a  restaurant  in  Guernsey  that is  top-rated","['1 year from now || timeRange', 'corinne, tisha and I || party_size_description', 'restaurant || restaurant_type', 'Guernsey || country', 'top-rated || sort']"
Book a reservation for  arlene stewart and I  at  The Laundromat Cafe  in  South Dakota,"['arlene stewart and I || party_size_description', 'The Laundromat Cafe || restaurant_name', 'South Dakota || state']"
Need a table for  breakfast  in  North Carolina  for the  Bobcat Bite,"['breakfast || timeRange', 'North Carolina || state', 'Bobcat Bite || restaurant_name']"
I want a table at a  highly rated   pub  sometime  this year,"['highly rated || sort', 'pub || restaurant_type', 'this year || timeRange']"
I want to book  Dinner by Heston Blumenthal  in  AL .,"['Dinner by Heston Blumenthal || restaurant_name', 'AL || state']"
I want to book the  Pollen Street Social  in  South Dartmouth  for this  morning .,"['Pollen Street Social || restaurant_name', 'South Dartmouth || city', 'morning || timeRange']"
I want to book a  pub  in a  spa  for  five  people.,"['pub || restaurant_type', 'spa || facility', 'five || party_size_number']"
I want to be  Main Deli Steak House   near   Hendley .,"['Main Deli Steak House || restaurant_name', 'near || spatial_relation', 'Hendley || city']"
Book me a reservation for a  burrito   restaurant   faraway  from  katy's hostel  for a party of  4,"['burrito || served_dish', 'restaurant || restaurant_type', 'faraway || spatial_relation', ""katy's hostel || poi"", '4 || party_size_number']"
I want to book an  outdoor   restaurant  for  Sat .,"['outdoor || facility', 'restaurant || restaurant_type', 'Sat || timeRange']"
Book me a reservation for a  javanese   bar  in  Texas,"['javanese || cuisine', 'bar || restaurant_type', 'Texas || state']"
Book a reservation for  genevieve and lucia  at a  food court  in  argentinian,"['genevieve and lucia || party_size_description', 'food court || restaurant_type', 'argentinian || cuisine']"
Book me a reservation in  Kenya  for a party of  six,"['Kenya || country', 'six || party_size_number']"
"Book a reservation for  one  at the  Blue Wall Cafe  in  Allakaket ,  MT","['one || party_size_number', 'Blue Wall Cafe || restaurant_name', 'Allakaket || city', 'MT || state']"
I want to book the  best   oyster bar  in  Dulce  for  six  people.,"['best || sort', 'oyster bar || restaurant_type', 'Dulce || city', 'six || party_size_number']"
I want to book a  bakery  in  Alamosa  for  three  people.,"['bakery || restaurant_type', 'Alamosa || city', 'three || party_size_number']"
"I want to book a restaurant in  Tunisia  for  nelda, rae and I  at  01:55:48 p.m .","['Tunisia || country', 'nelda, rae and I || party_size_description', '01:55:48 p.m || timeRange']"
I want to book a  delicatessen  serving  testaroli  in  Somalia  for  7/25/2027 .,"['delicatessen || restaurant_type', 'testaroli || served_dish', 'Somalia || country', '7/25/2027 || timeRange']"
Book me a reservation for  Fatty Crew   in 13 weeks  in  Haskell,"['Fatty Crew || restaurant_name', 'in 13 weeks || timeRange', 'Haskell || city']"
I want to book a  restaurant  at  sunrise  for  4  people.,"['restaurant || restaurant_type', 'sunrise || timeRange', '4 || party_size_number']"
I want to book a  restaurant  in  Gambia  for  six  people.,"['restaurant || restaurant_type', 'Gambia || country', 'six || party_size_number']"
I want to book a  French Guiana   restaurant   indoor .,"['French Guiana || country', 'restaurant || restaurant_type', 'indoor || facility']"
book spot for  me and my teens  at  Cherry Street Hotel  in  MH,"['me and my teens || party_size_description', 'Cherry Street Hotel || restaurant_name', 'MH || state']"
"I want to book a  highly rated   restaurant  for  sue, madeline and I   in eight years  .","['highly rated || sort', 'restaurant || restaurant_type', 'sue, madeline and I || party_size_description', 'in eight years || timeRange']"
party of  9  somewhere  near   Bow   in eleven years,"['9 || party_size_number', 'near || spatial_relation', 'Bow || poi', 'in eleven years || timeRange']"
I want to find a nice  coffeehouse  in  South Burlington   Illinois,"['coffeehouse || restaurant_type', 'South Burlington || city', 'Illinois || state']"
I want to book a  churrascaria  restaurant for  ten  people.,"['churrascaria || restaurant_type', 'ten || party_size_number']"
I need a table at a  steakhouse  in  Encino  that serves  meatcake,"['steakhouse || restaurant_type', 'Encino || city', 'meatcake || served_dish']"
Book me a  restaurant  reservation at  3,"['restaurant || restaurant_type', '3 || timeRange']"
Book a reservation for  seven  people at a  steakhouse  in  Kenya,"['seven || party_size_number', 'steakhouse || restaurant_type', 'Kenya || country']"
I want to book an  indoor   brasserie   within walking distance  in  ME .,"['indoor || facility', 'brasserie || restaurant_type', 'within walking distance || spatial_relation', 'ME || state']"
"Book a reservation for  nellie davis, willie and patsy rogers  for a  highly rated   diner","['nellie davis, willie and patsy rogers || party_size_description', 'highly rated || sort', 'diner || restaurant_type']"
I want to book a  restaurant   near   Oaktown .,"['restaurant || restaurant_type', 'near || spatial_relation', 'Oaktown || city']"
Book a reservation for a  restaurant  in  Yemen,"['restaurant || restaurant_type', 'Yemen || country']"
Book a reservation for  my parents and I  at  Red Crown Tourist Court  in  Slovakia,"['my parents and I || party_size_description', 'Red Crown Tourist Court || restaurant_name', 'Slovakia || country']"
Book a  restaurant  reservation for  one  in  AR,"['restaurant || restaurant_type', 'one || party_size_number', 'AR || state']"
I need a table for  me and my best friend  at  San Francisco Brewing Company .,"['me and my best friend || party_size_description', 'San Francisco Brewing Company || restaurant_name']"
I want to book a  varenyky   restaurant  in  Croatia .,"['varenyky || cuisine', 'restaurant || restaurant_type', 'Croatia || country']"
book spot for  nine  at  Fish Express  in  Mongolia,"['nine || party_size_number', 'Fish Express || restaurant_name', 'Mongolia || country']"
find me a  restaurant  in  Pembine   Montana,"['restaurant || restaurant_type', 'Pembine || city', 'Montana || state']"
I want to book a  brasserie  in  Luxembourg   tomorrow .,"['brasserie || restaurant_type', 'Luxembourg || country', 'tomorrow || timeRange']"
I want to book a  pizzeria  in  Afghanistan .,"['pizzeria || restaurant_type', 'Afghanistan || country']"
Find a  restaurant  for  marylou and I   within walking distance  of  my mum's hotel,"['restaurant || restaurant_type', 'marylou and I || party_size_description', 'within walking distance || spatial_relation', ""my mum's hotel || poi""]"
"book spot for  colleen peterson, rosanna and I  at the  best   bar  in  Bonaire  at  08:02:59","['colleen peterson, rosanna and I || party_size_description', 'best || sort', 'bar || restaurant_type', 'Bonaire || country', '08:02:59 || timeRange']"
"Book a reservation for  7  for a  top-rated   restaurant  on  July second, 2037  in  Gardner ,  Indiana","['7 || party_size_number', 'top-rated || sort', 'restaurant || restaurant_type', 'July second, 2037 || timeRange', 'Gardner || city', 'Indiana || state']"
Please book reservations in  NY  for  two   in 1 month  at  Windows on the World,"['NY || state', 'two || party_size_number', 'in 1 month || timeRange', 'Windows on the World || restaurant_name']"
book spot for  2  at a  restaurant  that serves  pastas,"['2 || party_size_number', 'restaurant || restaurant_type', 'pastas || served_dish']"
book a party of  9  for  The Wieners Circle  in  Palau,"['9 || party_size_number', 'The Wieners Circle || restaurant_name', 'Palau || state']"
I want to book a  restaurant  for  3  people  next year  in  Delaware .,"['restaurant || restaurant_type', '3 || party_size_number', 'next year || timeRange', 'Delaware || state']"
I need a table for  4  at a  restaurant  around  0 Am .,"['4 || party_size_number', 'restaurant || restaurant_type', '0 Am || timeRange']"
book  me and my grandparents  a  restaurant  in  Saint Helens   South Dakota,"['me and my grandparents || party_size_description', 'restaurant || restaurant_type', 'Saint Helens || city', 'South Dakota || state']"
I want to book  The Bishops Buttery  for  five  people in  Shrewsbury .,"['The Bishops Buttery || restaurant_name', 'five || party_size_number', 'Shrewsbury || city']"
I want a table at a  pub  that serves  brunswick stew  in  OH,"['pub || restaurant_type', 'brunswick stew || served_dish', 'OH || state']"
Book reservation for  my nieces and I  at  Light Horse Tavern,"['my nieces and I || party_size_description', 'Light Horse Tavern || restaurant_name']"
Book me a reservation for  4  at an  oyster bar   now,"['4 || party_size_number', 'oyster bar || restaurant_type', 'now || timeRange']"
Book a reservation for  seven  at  Harper Woods,"['seven || party_size_number', 'Harper Woods || city']"
"Book a reservation for  10  people in  Gambia  on  february the nineteenth, 2040","['10 || party_size_number', 'Gambia || country', 'february the nineteenth, 2040 || timeRange']"
book a table for a party of  6,['6 || party_size_number']
Book a reservation for  9  people at the  best   osteria  restaurant,"['9 || party_size_number', 'best || sort', 'osteria || restaurant_type']"
I want to book an  oyster bar  for  five  people.,"['oyster bar || restaurant_type', 'five || party_size_number']"
I want to book a  top-rated   restaurant  in  Idana .,"['top-rated || sort', 'restaurant || restaurant_type', 'Idana || city']"
Book me a reservation for a party of  five  for an  afghan   tea house,"['five || party_size_number', 'afghan || cuisine', 'tea house || restaurant_type']"
"Book a reservation for  hester, pat and I  at the  best   restaurant   distant  from  Mexico","['hester, pat and I || party_size_description', 'best || sort', 'restaurant || restaurant_type', 'distant || spatial_relation', 'Mexico || country']"
book a  smoking room  in  OR  at a  bar,"['smoking room || facility', 'OR || state', 'bar || restaurant_type']"
book spot for  my mother in law and I  at  18 o'clock,"['my mother in law and I || party_size_description', ""18 o'clock || timeRange""]"
book a table at a  restaurant  for  six  people in a  nearby   caribbean  cafe in  Waiteville,"['restaurant || restaurant_type', 'six || party_size_number', 'nearby || spatial_relation', 'caribbean || cuisine', 'Waiteville || city']"
I want to book a  restaurant  for  9  people.,"['restaurant || restaurant_type', '9 || party_size_number']"
book spot in  Lebanon  for  ten weeks from now,"['Lebanon || country', 'ten weeks from now || timeRange']"
Get me a table for  7  people at  Villa Bethania .,"['7 || party_size_number', 'Villa Bethania || restaurant_name']"
"I need a place that serves  smelt  for a party of  4 , preferably a  taverna","['smelt || served_dish', '4 || party_size_number', 'taverna || restaurant_type']"
I want a table for  four  at the  Union Auto Company  in  Serbia,"['four || party_size_number', 'Union Auto Company || restaurant_name', 'Serbia || country']"
"book a table in  Montenegro  for  alissa, cornelia williams and katrina  at  osteria","['Montenegro || country', 'alissa, cornelia williams and katrina || party_size_description', 'osteria || restaurant_type']"
book a table for  midnight  for  6  in  Nesco,"['midnight || timeRange', '6 || party_size_number', 'Nesco || city']"
I want to book a  highly rated   fast food restaurant   now .,"['highly rated || sort', 'fast food restaurant || restaurant_type', 'now || timeRange']"
book spot at a  balinese   joint,"['balinese || cuisine', 'joint || restaurant_type']"
Book a table for  11/5/2037  in  Washington  for  seven  people,"['11/5/2037 || timeRange', 'Washington || state', 'seven || party_size_number']"
"Book a reservation for  dorothy, kayla and I  for the  best   osteria restaurant","['dorothy, kayla and I || party_size_description', 'best || sort', 'osteria restaurant || restaurant_type']"
I want to book  Mars 2112  in  Finland  for  four  people.,"['Mars 2112 || restaurant_name', 'Finland || country', 'four || party_size_number']"
book a party of  4  at  Louisiana Fried Chicken,"['4 || party_size_number', 'Louisiana Fried Chicken || restaurant_name']"
book spot for  eight   close  to  Marion Center,"['eight || party_size_number', 'close || spatial_relation', 'Marion Center || poi']"
Book a reservation for  6  people in  Delaware  at  10 a.m.,"['6 || party_size_number', 'Delaware || state', '10 a.m. || timeRange']"
I want to book  The Green Shack  in  GA  for  9  people.,"['The Green Shack || restaurant_name', 'GA || state', '9 || party_size_number']"
Book a place  now  for  2,"['now || timeRange', '2 || party_size_number']"
Book me a  restaurant  reservation for  seven a.m not far  from  their chalet,"['restaurant || restaurant_type', 'seven a.m || timeRange', 'not far || spatial_relation', 'their chalet || poi']"
Book a  restaurant  reservation in  ND,"['restaurant || restaurant_type', 'ND || state']"
I need a table for  nine  at a nice  restaurant  that is  popular,"['nine || party_size_number', 'restaurant || restaurant_type', 'popular || sort']"
I need to book a  restaurant  for  my baby and I   this summer  at a  brasserie,"['restaurant || restaurant_type', 'my baby and I || party_size_description', 'this summer || timeRange', 'brasserie || restaurant_type']"
book a table in  Micronesia  for  rajasthani  food at any  restaurant,"['Micronesia || country', 'rajasthani || cuisine', 'restaurant || restaurant_type']"
I want book a  french   fast food restaurant  for  2  people.,"['french || cuisine', 'fast food restaurant || restaurant_type', '2 || party_size_number']"
Book a reservation for a  blinis   bar  in  Palestine,"['blinis || served_dish', 'bar || restaurant_type', 'Palestine || country']"
Book a spot for  me and kathrine  at  Smithville,"['me and kathrine || party_size_description', 'Smithville || city']"
Book me a reservation for a  ligurian   bar  in  Belgium,"['ligurian || cuisine', 'bar || restaurant_type', 'Belgium || country']"
Book me a reservation for  The Brazen Head   close by  to  my university,"['The Brazen Head || restaurant_name', 'close by || spatial_relation', 'my university || poi']"
Book a reservation for an  indonesian   brasserie  on  9/13/2017,"['indonesian || cuisine', 'brasserie || restaurant_type', '9/13/2017 || timeRange']"
I want to book a  german   joint  for  12 seconds from now .,"['german || cuisine', 'joint || restaurant_type', '12 seconds from now || timeRange']"
I want to book a restaurant in  Massachusetts  for  six p.m .,"['Massachusetts || state', 'six p.m || timeRange']"
I would like to book a reservation for  kaitlin and I  at  Lone Star Cafe  ,"['kaitlin and I || party_size_description', 'Lone Star Cafe || restaurant_name']"
Book me a reservation for  8  at  fourteen  in  South Carolina,"['8 || party_size_number', 'fourteen || timeRange', 'South Carolina || state']"
I want to book an  osteria  that serves  arepa  for  6  people.,"['osteria || restaurant_type', 'arepa || served_dish', '6 || party_size_number']"
me and jocelyn  want to eat a  restaurant  in  Georgia,"['me and jocelyn || party_size_description', 'restaurant || restaurant_type', 'Georgia || country']"
I need a table for  seven  in  Honduras   within walking distance,"['seven || party_size_number', 'Honduras || country', 'within walking distance || spatial_relation']"
Book a reservation for  four  this  Afternoon  at a  highly rated   food court,"['four || party_size_number', 'Afternoon || timeRange', 'highly rated || sort', 'food court || restaurant_type']"
Book a reservation for  seven  people at  Fraser Mansion  in  IL,"['seven || party_size_number', 'Fraser Mansion || restaurant_name', 'IL || state']"
Book me a table around  11  at a  restaurant  which serves  macaroni and cheese  in  Tyronza .,"['11 || timeRange', 'restaurant || restaurant_type', 'macaroni and cheese || served_dish', 'Tyronza || city']"
book a table in  CA  for  2  people  in 3 hours,"['CA || state', '2 || party_size_number', 'in 3 hours || timeRange']"
Book me a reservation at a  goan   restaurant  for  5  people,"['goan || cuisine', 'restaurant || restaurant_type', '5 || party_size_number']"
I want to book a  bar  in  NM .,"['bar || restaurant_type', 'NM || state']"
I want to book  Meriton Grand Hotel Tallinn  in  New Jersey  for  four  people.,"['Meriton Grand Hotel Tallinn || restaurant_name', 'New Jersey || state', 'four || party_size_number']"
I want to book the  Hard Times Cafe  for  9  people.,"['Hard Times Cafe || restaurant_name', '9 || party_size_number']"
Book a reservation for  Savoy Hotel and Grill   not far  from  our secondary residence,"['Savoy Hotel and Grill || restaurant_name', 'not far || spatial_relation', 'our secondary residence || poi']"
I want to book a  restaurant  for  3  people in  Ohio .,"['restaurant || restaurant_type', '3 || party_size_number', 'Ohio || state']"
Book a  restaurant  with a  spa  in  Connecticut,"['restaurant || restaurant_type', 'spa || facility', 'Connecticut || state']"
I want to book  Laurelhurst Theater   within walking distance  of  their airbnb  for  me and luella carter   in seventeen seconds .,"['Laurelhurst Theater || restaurant_name', 'within walking distance || spatial_relation', 'their airbnb || poi', 'me and luella carter || party_size_description', 'in seventeen seconds || timeRange']"
I want to book a  food truck  in  Albania  for  ten  people.,"['food truck || restaurant_type', 'Albania || country', 'ten || party_size_number']"
I need a table in  West Virginia  for  me and my baby  at  Jacob Wirth Restaurant,"['West Virginia || state', 'me and my baby || party_size_description', 'Jacob Wirth Restaurant || restaurant_name']"
I want to book a  highly rated   tea house  in  Westmoreland City  for  9  people.,"['highly rated || sort', 'tea house || restaurant_type', 'Westmoreland City || city', '9 || party_size_number']"
I want to book a  delicatessen   42 weeks from now  with a  smoking room  in  Cuzzart   PA .,"['delicatessen || restaurant_type', '42 weeks from now || timeRange', 'smoking room || facility', 'Cuzzart || city', 'PA || state']"
Book spot in  Fults  in  Federated States Of Micronesia,"['Fults || city', 'Federated States Of Micronesia || state']"
"book a table at a  restaurant  for  me, roslyn and harriett  in  Lesterville","['restaurant || restaurant_type', 'me, roslyn and harriett || party_size_description', 'Lesterville || city']"
I want to book the  best   pub  for  one  person.,"['best || sort', 'pub || restaurant_type', 'one || party_size_number']"
book spot for  victoria mendoza and whitney mendoza  at a  pub  in  Callicoon   in fifteen hours,"['victoria mendoza and whitney mendoza || party_size_description', 'pub || restaurant_type', 'Callicoon || city', 'in fifteen hours || timeRange']"
"book spot for  darlene, lauren gray and sasha  in  Oregon  that serves  brasserie","['darlene, lauren gray and sasha || party_size_description', 'Oregon || state', 'brasserie || restaurant_type']"
Need book a table at a  steakhouse  that has  wifi  in the country of  Malawi,"['steakhouse || restaurant_type', 'wifi || facility', 'Malawi || country']"
I want to book a  pastelaria   cafe  in  Alabama  for  me and my great grandfather .,"['pastelaria || cuisine', 'cafe || restaurant_type', 'Alabama || state', 'me and my great grandfather || party_size_description']"
I need table  12 seconds from now  that serves  german  and has a  joint  atmosphere,"['12 seconds from now || timeRange', 'german || cuisine', 'joint || restaurant_type']"
I want to book a  restaurant  in  Monaco  on  May 22  for  8  people.,"['restaurant || restaurant_type', 'Monaco || country', 'May 22 || timeRange', '8 || party_size_number']"
Book me a reservation for  twenty two   faraway  from  our place,"['twenty two || timeRange', 'faraway || spatial_relation', 'our place || poi']"
table for  five  at  Space Aliens Grill & Bar  in  FM,"['five || party_size_number', 'Space Aliens Grill & Bar || restaurant_name', 'FM || state']"
Book me a  restaurant  reservation for  one  in  GU,"['restaurant || restaurant_type', 'one || party_size_number', 'GU || state']"
Please book me a table for  one  at  Bouchon  in  Australia .,"['one || party_size_number', 'Bouchon || restaurant_name', 'Australia || country']"
I want to book a  restaurant   far  from the  Municipal Borough of Mitcham  for  10  people.,"['restaurant || restaurant_type', 'far || spatial_relation', 'Municipal Borough of Mitcham || poi', '10 || party_size_number']"
I want to book an  oyster bar  for  one  in the  Navy Yard City .,"['oyster bar || restaurant_type', 'one || party_size_number', 'Navy Yard City || city']"
"is there a table available for  my daughters and I  at  The Octagon, Christchurch","['my daughters and I || party_size_description', 'The Octagon, Christchurch || restaurant_name']"
I want to book a  ethiopian   food court  in  Montenegro .,"['ethiopian || cuisine', 'food court || restaurant_type', 'Montenegro || country']"
want to eat at a  tea house  for  five,"['tea house || restaurant_type', 'five || party_size_number']"
I want to book a  restaurant   nearby   Carrickfergus  for  February 10th .,"['restaurant || restaurant_type', 'nearby || spatial_relation', 'Carrickfergus || poi', 'February 10th || timeRange']"
book a table in  Florida  at  Ariston Cafe  for  seven am,"['Florida || state', 'Ariston Cafe || restaurant_name', 'seven am || timeRange']"
"I want to book the  distant   Dinner by Heston Blumenthal  in  Turtle Lake  on  Nov. 25th, 2023  for  9  people.","['distant || spatial_relation', 'Dinner by Heston Blumenthal || restaurant_name', 'Turtle Lake || city', 'Nov. 25th, 2023 || timeRange', '9 || party_size_number']"
Book a reservation for the  best   restaurant   not far  from  VI,"['best || sort', 'restaurant || restaurant_type', 'not far || spatial_relation', 'VI || state']"
"Book a reservation for  one  at an  italian   taverna  for  two Pm  in  Hutchings ,  North Dakota","['one || party_size_number', 'italian || cuisine', 'taverna || restaurant_type', 'two Pm || timeRange', 'Hutchings || city', 'North Dakota || state']"
I want to book a  bar   neighboring   our apartment .,"['bar || restaurant_type', 'neighboring || spatial_relation', 'our apartment || poi']"
"book spot for  paulette parker, crystal and I   close-by   kris's campus  a at  Cherry Bowl Drive-In Theatre & Diner  at  08:41 pm","['paulette parker, crystal and I || party_size_description', 'close-by || spatial_relation', ""kris's campus || poi"", 'Cherry Bowl Drive-In Theatre & Diner || restaurant_name', '08:41 pm || timeRange']"
book a party of  4  for a  cafe   rated best,"['4 || party_size_number', 'cafe || restaurant_type', 'rated best || sort']"
"laura and I  want to eat somewhere in  Gibraltar  on  April eleventh, 2033","['laura and I || party_size_description', 'Gibraltar || country', 'April eleventh, 2033 || timeRange']"
Book sot for  four  at  Fowlkes,"['four || party_size_number', 'Fowlkes || city']"
"I want to book a  diner  that serves  home fries  that is  faraway  from  your step grandfather's office  for  me, janell and susie  on  March 7 .","['diner || restaurant_type', 'home fries || served_dish', 'faraway || spatial_relation', ""your step grandfather's office || poi"", 'me, janell and susie || party_size_description', 'March 7 || timeRange']"
Book a  restaurant  reservation  near   OR   next week,"['restaurant || restaurant_type', 'near || spatial_relation', 'OR || state', 'next week || timeRange']"
book a table in  Yachats  for  3  people,"['Yachats || city', '3 || party_size_number']"
I want to book an  oyster bar  wit  parking  in  Guam  for  eight  people.,"['oyster bar || restaurant_type', 'parking || facility', 'Guam || state', 'eight || party_size_number']"
Need a table for  6   close  to  Big Sandy,"['6 || party_size_number', 'close || spatial_relation', 'Big Sandy || city']"
Book a  restaurant  reservation for  my gf and I   within walking distance  of  sondra's university,"['restaurant || restaurant_type', 'my gf and I || party_size_description', 'within walking distance || spatial_relation', ""sondra's university || poi""]"
Book a reservation at  Sunset  in  Frye Island,"['Sunset || timeRange', 'Frye Island || city']"
Book a reservation for  4  for  Cherry Hut  at  Noon,"['4 || party_size_number', 'Cherry Hut || restaurant_name', 'Noon || timeRange']"
I want to book a  restaurant  on  april 7th  for  10  people.,"['restaurant || restaurant_type', 'april 7th || timeRange', '10 || party_size_number']"
book a  restaurant  that serves  rolled oyster  in  Merkel,"['restaurant || restaurant_type', 'rolled oyster || served_dish', 'Merkel || city']"
Book me a reservation for  midday  at  French Camp Academy,"['midday || timeRange', 'French Camp Academy || restaurant_name']"
I want to book a  restaurant   close  by  kristie's flat  for  1  person.,"['restaurant || restaurant_type', 'close || spatial_relation', ""kristie's flat || poi"", '1 || party_size_number']"
Book a reservation for a  pub   close  to  Point Pleasant Beach,"['pub || restaurant_type', 'close || spatial_relation', 'Point Pleasant Beach || poi']"
Please book me a table at a  food court   faraway  from  Saint Kitts and Nevis .,"['food court || restaurant_type', 'faraway || spatial_relation', 'Saint Kitts and Nevis || country']"
I want to book a  bar  for  9  people.,"['bar || restaurant_type', '9 || party_size_number']"
Book a reservation for  me and cassie  in  Saint Vincent and the Grenadines,"['me and cassie || party_size_description', 'Saint Vincent and the Grenadines || country']"